{
  "Phường/Xã_encoded": 20.64642463892925,
  "Thành phố_encoded": 12.647856397156689,
  "Diện tích (m2)": 8.037975042427064,
  "Số phòng vệ sinh": 7.103361130106272,
  "Chiều dài (m)": 6.802413315873572,
  "Số tầng": 6.096883188278114,
  "Diện_tích_per_phòng": 5.794288935267003,
  "Tổng_phòng": 5.374579468289085,
  "Chiều ngang (m)": 5.364906918486735,
  "Loại hình_Nhà mặt phố, mặt tiền": 4.240236866144157,
  "Aspect_ratio": 4.111551616214728,
  "Tình trạng nội thất": 3.319237013498294,
  "Số phòng ngủ": 3.041889792027065,
  "Loại hình_Nhà ngõ, hẻm": 2.75924842826747,
  "Hướng": 2.197396596595671,
  "Giấy tờ pháp lý_encoded": 1.6350898514856065,
  "Loại hình_Nhà phố liền kề": 0.5038173757444502,
  "Loại hình_Nhà biệt thự": 0.3228434252087482
}