{
  "Phường/Xã_encoded": 21.97514402032983,
  "Thành phố_encoded": 13.306695093699895,
  "Số phòng vệ sinh": 10.20339198073292,
  "Diện tích (m2)": 9.25734051286714,
  "Chiều dài (m)": 7.023599745205826,
  "Tổng_phòng": 6.877768614713604,
  "Số tầng": 5.233020820404519,
  "Chiều ngang (m)": 4.802210630926242,
  "Loại hình_Nhà mặt phố, mặt tiền": 4.79467866348819,
  "Diện_tích_per_phòng": 3.4791530596943856,
  "Aspect_ratio": 3.1684667273574703,
  "Loại hình_Nhà ngõ, hẻm": 2.5850091477928143,
  "Số phòng ngủ": 2.376140482488699,
  "Hướng": 1.608408278813076,
  "Giấy tờ pháp lý_encoded": 1.5938215097043378,
  "Tình trạng nội thất": 1.1621162715305065,
  "Loại hình_Nhà biệt thự": 0.28004181033407727,
  "Loại hình_Nhà phố liền kề": 0.272992629916459
}