{
  "Phường/Xã_encoded": 21.08957209500409,
  "Diện tích (m2)": 12.980044324094557,
  "Thành phố_encoded": 12.842820703395939,
  "Số phòng vệ sinh": 9.745106010972842,
  "Tổng_phòng": 7.5289648480581945,
  "Chiều dài (m)": 5.423378526051229,
  "Số tầng": 5.075400751067873,
  "Loại hình_Nhà mặt phố, mặt tiền": 4.1843969573455295,
  "Diện_tích_per_phòng": 3.9360024564480747,
  "Chiều ngang (m)": 3.9193757184233484,
  "Aspect_ratio": 3.3293647160343793,
  "Loại hình_Nhà ngõ, hẻm": 2.9062017114157825,
  "Tình trạng nội thất": 1.915275888216562,
  "Giấy tờ pháp lý_encoded": 1.5984895693116725,
  "Hướng": 1.4830341311071922,
  "Số phòng ngủ": 1.4737923631115515,
  "Loại hình_Nhà phố liền kề": 0.31778723000674425,
  "Loại hình_Nhà biệt thự": 0.25099199993443366
}