{
  "test_metrics": {
    "r2_score": 0.6911171111121068,
    "rmse": 2.054143005075638,
    "mae": 1.3417966857445565,
    "mape": 29.18447335766593,
    "mse": 4.219503485301173,
    "explained_variance": 0.6911609295937651,
    "max_error": 14.225244928741528,
    "median_absolute_error": 0.8623486991207217
  },
  "cv_metrics": {
    "r2_mean": 0.6936551654731569,
    "r2_std": 0.018108036078356104,
    "rmse_mean": 2.0773303467792372,
    "rmse_std": 0.05756933728282168,
    "mae_mean": 1.4336260925566888,
    "mae_std": 0.009676017325473072,
    "mape_mean": 30.924588410402862,
    "mape_std": 2.3744774459090077
  },
  "best_optuna_r2": 0.6936551654731569,
  "n_folds": 5,
  "n_trials": 200,
  "device": "CPU"
}