{
  "test_metrics": {
    "r2_score": 0.6865995610022866,
    "rmse": 2.0691098586135768,
    "mae": 1.3600011969043988,
    "mape": 29.52710433871954,
    "mse": 4.281215607011895,
    "explained_variance": 0.6866238577986028,
    "max_error": 13.36747071699266,
    "median_absolute_error": 0.9073650297331974
  },
  "cv_metrics": {
    "r2_mean": 0.6949031397863126,
    "r2_std": 0.018677250449541657,
    "rmse_mean": 2.0731236236351593,
    "rmse_std": 0.06255796632711169,
    "mae_mean": 1.4341879058407463,
    "mae_std": 0.024613864740728898,
    "mape_mean": 30.850927996854654,
    "mape_std": 2.059899841873156
  },
  "best_optuna_r2": 0.6949031397863126,
  "n_folds": 5,
  "n_trials": 200,
  "device": "CPU"
}