{
  "test_metrics": {
    "r2_score": 0.6911078850738728,
    "rmse": 2.0541736824959007,
    "mae": 1.3453696670907989,
    "mape": 29.00097358228394,
    "mse": 4.21962951785877,
    "explained_variance": 0.6911436783015826,
    "max_error": 13.232719211324227,
    "median_absolute_error": 0.889079749350359
  },
  "cv_metrics": {
    "r2_mean": 0.6934201475221488,
    "r2_std": 0.014819864625611487,
    "rmse_mean": 2.0785393774085463,
    "rmse_std": 0.049067859192401884,
    "mae_mean": 1.4315882339661556,
    "mae_std": 0.016197512754867287,
    "mape_mean": 30.561185172533623,
    "mape_std": 1.9926378245509409
  },
  "best_optuna_r2": 0.6934201475221488,
  "n_folds": 5,
  "n_trials": 200,
  "device": "CPU"
}