{
  "RandomForest": {
    "mae_billion": 0.11330533003270446,
    "rmse_billion": 0.3049391596524303,
    "r2": 0.9930457845588001,
    "mape": 1.9492804068039615
  },
  "LightGBM": {
    "mae_billion": 0.15997214031818305,
    "rmse_billion": 0.28045838266719125,
    "r2": 0.9941175452762285,
    "mape": 2.7550221386585307
  },
  "CatBoost": {
    "mae_billion": 0.16104230972179165,
    "rmse_billion": 0.3054441191365638,
    "r2": 0.9930227340294139,
    "mape": 2.7961287217529316
  }
}