{
  "LightGBM": {
    "rmse": 2.1215521224269867,
    "mae": 1.3798753155306092,
    "r2": 0.6705117645247858
  },
  "RandomForest": {
    "rmse": 2.108749902043901,
    "mae": 1.3748694604010598,
    "r2": 0.6744762713943718
  },
  "CatBoost": {
    "rmse": 2.0617673046779195,
    "mae": 1.3542716273338988,
    "r2": 0.6888199134965327
  }
}