{
  "LightGBM": {
    "rmse": 2.0987658648989305,
    "mae": 1.427004447694935,
    "r2": 0.6802200833641061
  },
  "RandomForest": {
    "rmse": 2.115855004134804,
    "mae": 1.428960178036006,
    "r2": 0.6749912849068846
  },
  "CatBoost": {
    "rmse": 2.073976724148735,
    "mae": 1.4187986565840447,
    "r2": 0.6877295011803677
  }
}