{
  "LightGBM": {
    "n_estimators": 1046,
    "learning_rate": 0.010564187156346579,
    "num_leaves": 91,
    "max_depth": 11,
    "min_child_samples": 43,
    "colsample_bytree": 0.7060679875102217,
    "subsample": 0.7076414086617328,
    "reg_alpha": 0.0007538978645636088,
    "reg_lambda": 0.4043577213194943
  },
  "RandomForest": {
    "n_estimators": 560,
    "max_depth": 13,
    "min_samples_split": 8,
    "min_samples_leaf": 2,
    "max_features": null
  },
  "CatBoost": {
    "iterations": 1192,
    "learning_rate": 0.033219999135291986,
    "depth": 8,
    "l2_leaf_reg": 0.0006570611235028381,
    "border_count": 50
  }
}