{
  "n_folds": 5,
  "models": {
    "LightGBM": {
      "rmse_mean": 2.1709320587493415,
      "rmse_std": 0.03884797108339635,
      "mae_mean": 1.4857475293808626,
      "mae_std": 0.02705396530996103,
      "r2_mean": 0.6656179121104125,
      "r2_std": 0.012923455903754662,
      "fold_scores": {
        "rmse": [
          2.1471802267454074,
          2.2434415328508788,
          2.133645592153724,
          2.1767717982847077,
          2.1536211437119914
        ],
        "mae": [
          1.4375128881964845,
          1.4966233373436848,
          1.4932263744201602,
          1.5195605388103686,
          1.4818145081336156
        ],
        "r2": [
          0.6656226526362454,
          0.6507456725209507,
          0.6885576456192694,
          0.6563337870907491,
          0.6668298026848484
        ]
      }
    },
    "RandomForest": {
      "rmse_mean": 2.1814502867726695,
      "rmse_std": 0.024307264439070372,
      "mae_mean": 1.4681214715445479,
      "mae_std": 0.020141861983333696,
      "r2_mean": 0.6622905524620799,
      "r2_std": 0.01338353417912472,
      "fold_scores": {
        "rmse": [
          2.181525977076163,
          2.205060804581049,
          2.13940402514161,
          2.2058013277137776,
          2.1754592993507496
        ],
        "mae": [
          1.442073767955432,
          1.4571296885050047,
          1.4762534276794712,
          1.5018783387949803,
          1.4632721347878508
        ],
        "r2": [
          0.6548398670586911,
          0.662593516292612,
          0.6868742919846298,
          0.6471063689739478,
          0.6600387180005194
        ]
      }
    },
    "CatBoost": {
      "rmse_mean": 2.0814334458125283,
      "rmse_std": 0.051938337103372735,
      "mae_mean": 1.421704567560586,
      "mae_std": 0.026818311855094618,
      "r2_mean": 0.6925725682556975,
      "r2_std": 0.015185488752073418,
      "fold_scores": {
        "rmse": [
          2.0389207084528826,
          2.168429751653161,
          2.050756815049419,
          2.11374663666628,
          2.035313317240899
        ],
        "mae": [
          1.3749201689977237,
          1.4484920839629325,
          1.43510225333284,
          1.4406324348423882,
          1.4093758966670453
        ],
        "r2": [
          0.6984908310786806,
          0.673710574508996,
          0.7122857084503054,
          0.6759463691240947,
          0.7024293581164105
        ]
      }
    }
  }
}