{
  "best_model": "LightGBM",
  "mae_billion": 0.15997214031818305,
  "rmse_billion": 0.28045838266719125,
  "r2": 0.9941175452762285,
  "mape": 2.7550221386585307
}