{
  "mae_billion": 0.11212102516992682,
  "rmse_billion": 0.3034550389938351,
  "r2": 0.9931133113351143,
  "mape": 1.9053256318904224
}