{
  "best_model": "CatBoost",
  "optuna_trials": 30,
  "cv_folds": 5,
  "rmse": 2.0617673046779195,
  "mae": 1.3542716273338988,
  "r2": 0.6888199134965327
}