{
  "best_model": "CatBoost",
  "optuna_trials": 30,
  "cv_folds": 5,
  "rmse": 2.073976724148735,
  "mae": 1.4187986565840447,
  "r2": 0.6877295011803677
}